Ready Player One,9.9,2018,https://m.media-amazon.com/images/M/MV5BY2JiYTNmZTctYTQ1OC00YjU4LWEwMjYtZjkwY2Y5MDI0OTU3XkEyXkFqcGdeQXVyNTI4MzE4MDU@._V1_SX300.jpgDunkirk,7.8,2017,https://m.media-amazon.com/images/M/MV5BN2YyZjQ0NTEtNzU5MS00NGZkLTg0MTEtYzJmMWY3MWRhZjM2XkEyXkFqcGdeQXVyMDA4NzMyOA@@._V1_SX300.jpg
Guardians of the Galaxy,8.0,2014,https://m.media-amazon.com/images/M/MV5BNDIzMTk4NDYtMjg5OS00ZGI0LWJhZDYtMzdmZGY1YWU5ZGNkXkEyXkFqcGdeQXVyMTI5NzUyMTIz._V1_SX300.jpg
Suicide Squad,5.9,2016,https://m.media-amazon.com/images/M/MV5BMjM1OTMxNzUyM15BMl5BanBnXkFtZTgwNjYzMTIzOTE@._V1_SX300.jpg
John Wick,7.4,2014,https://m.media-amazon.com/images/M/MV5BMTU2NjA1ODgzMF5BMl5BanBnXkFtZTgwMTM2MTI4MjE@._V1_SX300.jpg
Blade Runner,8.1,1982,https://m.media-amazon.com/images/M/MV5BNzQzMzJhZTEtOWM4NS00MTdhLTg0YjgtMjM4MDRkZjUwZDBlXkEyXkFqcGdeQXVyNjU0OTQ0OTY@._V1_SX300.jpg
Guardians of the Galaxy Vol. 2,2017,7.6,https://m.media-amazon.com/images/M/MV5BNjM0NTc0NzItM2FlYS00YzEwLWE0YmUtNTA2ZWIzODc2OTgxXkEyXkFqcGdeQXVyNTgwNzIyNzg@._V1_SX300.jpg
Star Wars: Episode III - Revenge of the Sith,7.6,2005,https://m.media-amazon.com/images/M/MV5BNTc4MTc3NTQ5OF5BMl5BanBnXkFtZTcwOTg0NjI4NA@@._V1_SX300.jpg
Star Wars: Episode V - The Empire Strikes Back,8.7,1980,https://m.media-amazon.com/images/M/MV5BYmU1NDRjNDgtMzhiMi00NjZmLTg5NGItZDNiZjU5NTU4OTE0XkEyXkFqcGdeQXVyNzkwMjQ5NzM@._V1_SX300.jpg
Star Wars: Episode IV - A New Hope,8.6,1977,https://m.media-amazon.com/images/M/MV5BOTA5NjhiOTAtZWM0ZC00MWNhLThiMzEtZDFkOTk2OTU1ZDJkXkEyXkFqcGdeQXVyMTA4NDI1NTQx._V1_SX300.jpg
Fantastic Beasts: The Secrets of Dumbledore,6.2,2022,https://m.media-amazon.com/images/M/MV5BZGQ1NjQyNDMtNzFlZS00ZGIzLTliMWUtNGJkMGMzNTBjNDg0XkEyXkFqcGdeQXVyMTE1NDI5MDQx._V1_SX300.jpg
Minions,5.3,2015,https://m.media-amazon.com/images/M/MV5BMTUwNjcxNzAwOF5BMl5BanBnXkFtZTgwNzEzMzIzNDE@._V1_SX300.jpgAmerican Horror Story,8.0,2011â€“,https://m.media-amazon.com/images/M/MV5BM2ZlMjQ2ZmEtODEwYi00ZTk5LThmY2UtYWFiNzE3MjZjNzQyXkEyXkFqcGdeQXVyMTU1ODIwMTM1._V1_SX300.jpg
